49a820ac-1e5d-4e56-8634-40eb8004bb35,Samanta.Weimann,Rhea15@yahoo.com,cSAMov2DXhi8ii4,FALSE,Michelle Friesen,2018-02-12T20:12:51.510Z
e898f069-ac7e-4573-9132-ef00d33793b8,Jane_Ortiz2,Sonia.Auer53@hotmail.com,yqliiPj21B3NTy5,FALSE,Giovanny Pagac,2018-02-12T20:12:51.510Z
52fa70af-e8f0-4b29-a630-0cc6d94629c1,Muhammad92,Shanny.Bogan64@hotmail.com,fJmzpzTjancDxWC,FALSE,Xzavier Baumbach,2018-02-12T20:12:51.510Z
ed7c330b-78f5-4761-b744-5c5cb464b942,Glennie28,Christa89@yahoo.com,l55fkraaY5kddXo,FALSE,Weston Graham,2018-02-12T20:12:51.510Z
71bb724e-6112-4773-9856-1dd36f9def6a,Harry_Batz83,Jaydon.Yost95@hotmail.com,yvY8jZyHKWPM_gv,FALSE,Santino Rice,2018-02-12T20:12:51.510Z
9716a1fc-6384-48a8-8519-dfe3fd426d4b,Judge.Rice,Brian51@hotmail.com,s3ESjwhhDoqBbBO,FALSE,Hubert Lueilwitz,2018-02-12T20:12:51.510Z
a9cd7737-6947-4baa-8778-73a1c9fc3391,Ralph90,Loma.Murphy@yahoo.com,mJslK2xlkLLgOSc,FALSE,Chance Dickinson,2018-02-12T20:12:51.510Z
34e033b0-846a-4f84-8ace-6487800eb303,Alba_DuBuque,Jedediah_Cummerata63@hotmail.com,dC4r0exmtr2367G,FALSE,Augustine Dicki,2018-02-12T20:12:51.511Z
b97cbd16-d689-4f1a-829d-7263793180bd,Vivianne_Welch87,Arely76@hotmail.com,3z6rJTwcgE1TLt6,FALSE,Baylee Medhurst,2018-02-12T20:12:51.511Z
abf06659-97ca-4ad4-8b86-9808a85f2440,Myrtice47,Brandy_Purdy4@yahoo.com,ypW_MtBjdEWzygd,FALSE,Declan O'Connell,2018-02-12T20:12:51.511Z
55d3f291-c918-4a57-8af6-328849dfa450,Lina61,Alvah.Tremblay19@yahoo.com,Bh4Mh5sn_El4LuF,FALSE,Lura Hand,2018-02-12T20:12:51.511Z
dcbf2f8e-aa89-4a5c-9f8d-f094f32ce2c4,Ryan6,Eudora.Konopelski@hotmail.com,hK_CvQ04pzXiazk,FALSE,Landen McKenzie,2018-02-12T20:12:51.511Z
efaeae12-c7b2-439c-bab2-898efdbb040a,Emiliano_Macejkovic57,Gerry_Mills@gmail.com,SqBTz56ubXUGlwc,FALSE,Lyda Baumbach,2018-02-12T20:12:51.511Z
88b8de71-81ee-4043-8881-ba8a9bae1be0,Jalen85,Meggie48@gmail.com,8lhc69vnQH3TNXA,FALSE,Flo Monahan,2018-02-12T20:12:51.511Z
fba00ab9-6b21-40a2-adcd-e000d6cd8a17,Jazmin_Keeling83,Jamison.Witting@yahoo.com,o5AuKNlCsnZucc8,FALSE,Laurence MacGyver,2018-02-12T20:12:51.511Z
3475cbab-96a2-4315-91d0-201e3e35f4c5,Korbin_Kilback57,Emmanuelle3@yahoo.com,DwJ_g4QexVtt0bX,FALSE,Guillermo Kohler,2018-02-12T20:12:51.511Z
65781bda-7d6b-406e-8589-1a3e1bc371cf,Burnice_Johnston,Dimitri72@hotmail.com,vqIVqbIaetJIe6T,FALSE,Larry Parker,2018-02-12T20:12:51.511Z
6af8de34-0006-47b9-857a-5623b85c1b2d,Candido49,Mayra_Botsford61@gmail.com,5K38qwysmyQ8Zqt,FALSE,Jillian Langworth,2018-02-12T20:12:51.511Z
e561d791-2a55-47bf-a7af-71c37c6b8405,Lucy_Kunde,Marley84@hotmail.com,h95AImQYC85KG74,FALSE,Cruz Ondricka,2018-02-12T20:12:51.511Z
274eccaf-d4b4-4fb8-8507-edfe34248e5a,Jo_Hartmann,Rey11@hotmail.com,QKA390ipAF9NNik,FALSE,Monique Rice,2018-02-12T20:12:51.512Z
40036374-7d9c-495e-8ae1-7cec736cd80f,Thea.Kassulke79,Jacquelyn19@yahoo.com,5MwNNe9cmJ81nGp,FALSE,Karlie Donnelly,2018-02-12T20:12:51.512Z
728dd57a-a0b9-448b-bf51-69932ff52903,Jaqueline_Schimmel10,Miguel_Padberg@gmail.com,pc_jZW7RaKH90bz,FALSE,Johnathon Schroeder,2018-02-12T20:12:51.512Z
b22db938-9a02-4eab-bf77-d4163088f64b,Jaeden.Haley40,Eva71@hotmail.com,ZxU5QjVp77rGhU0,FALSE,Milford Rath,2018-02-12T20:12:51.512Z
38390b4d-3c97-4577-b54b-62a64073bd77,Shanon_Bruen77,Emerald16@hotmail.com,hZiOxxwr_Z9did9,FALSE,Laurie Breitenberg,2018-02-12T20:12:51.512Z
ed38f2e9-109c-425c-ad27-59732d443d70,Fae_Trantow,Ronny75@yahoo.com,suLgN4yHAd7zBnd,FALSE,Alysha Heidenreich,2018-02-12T20:12:51.512Z
11e711e3-5f80-4bc6-8b25-231286ba0223,Conrad.Turner,Lionel.Schaefer66@gmail.com,8rvhyk8IEuY5IcA,FALSE,Harrison Dibbert,2018-02-12T20:12:51.513Z
2b11825c-be9f-47c7-b7e6-8879da367c5a,Elinor9,Judge_Toy@hotmail.com,LKmr_nibyj28UaG,FALSE,Blair Fahey,2018-02-12T20:12:51.513Z
de2d6a0d-b07e-4e0f-ae24-45797ce50005,Queenie94,Ray.Cassin53@yahoo.com,SSDe_tsThdctGzY,FALSE,Billie Nikolaus,2018-02-12T20:12:51.513Z
24e675d3-1c18-4095-b297-91e06afe5e21,Ruby.Bahringer,Danyka62@gmail.com,pEz1dLudbUiPTAX,FALSE,Dominique Schoen,2018-02-12T20:12:51.513Z
be6010e3-00f7-40aa-8ad7-27e6f8c579dd,Carlee_Klocko25,Ford.Berge61@yahoo.com,vN4GRNQ3qj8TpeM,FALSE,Alexandria Heathcote,2018-02-12T20:12:51.513Z
54c9ae9b-af5f-4606-8b0a-f5e0452888af,Keshawn.Reinger,Dillon.Nikolaus@gmail.com,RFUyQ_9BeEUaR_f,FALSE,Christop Kerluke,2018-02-12T20:12:51.513Z
cd8c05e6-4983-4216-bc2b-a7610df7f251,Brendon.Spencer16,Harmon.Gulgowski@yahoo.com,Ja_2j6Ezfkiw9WI,FALSE,Brennon Rosenbaum,2018-02-12T20:12:51.513Z
568eedf2-d947-4e92-bfdd-d74547a696fb,Monroe36,Crystel72@yahoo.com,0SOsdl5rG1aDMLf,FALSE,Lavern Gaylord,2018-02-12T20:12:51.513Z
ec174884-bb01-4a2f-8c55-bd9fc2f76321,Sandy.Haley15,Angelita_Renner@hotmail.com,8TbUpqI3QRR4elb,FALSE,Ted Anderson,2018-02-12T20:12:51.513Z
3559720d-be66-4f08-8989-9f662cbccdbd,Jessica2,Mario11@yahoo.com,2TjMzIoL_7lqsyI,FALSE,Pearl Hessel,2018-02-12T20:12:51.513Z
e4c19a68-5347-4afe-a9dc-e2a8078304a1,Elwyn67,Pasquale.Feil51@gmail.com,rau7kD7J8hBNn1D,FALSE,Cletus Bode,2018-02-12T20:12:51.513Z
1c60b7e0-9c9e-4580-a1dd-6cdadcac1d7f,Eldon_Nienow,Carlos24@gmail.com,YN6sMccpJ2Vt_tZ,FALSE,Maribel Bode,2018-02-12T20:12:51.514Z
3535ed7a-150e-4ae8-add3-5e49572e8308,Emilio.Flatley,Ole85@hotmail.com,vEnAVYt8Dy76D3k,FALSE,Hunter Turcotte,2018-02-12T20:12:51.514Z
42f3bee5-c75a-4cdd-a80c-b72e56d5dd0d,Ana61,Juanita_Wilderman21@hotmail.com,i1RQrR_WzwziuEB,FALSE,Devin Roberts,2018-02-12T20:12:51.514Z
9cf8b9c3-0431-424e-8599-1d7eeb943a71,Amaya.Bogisich,Valentine_Wilkinson@yahoo.com,NVT1bORzgPDOuUO,FALSE,Dylan Tremblay,2018-02-12T20:12:51.514Z
62581782-1cdc-4867-a272-0455296b6c1e,Marilie.Lynch15,Nannie_Mohr@hotmail.com,kzrxB0gJaiXqZR_,FALSE,Brad Brekke,2018-02-12T20:12:51.514Z
c9f22d61-c3f0-431c-9a4b-fff3b3f9dd16,Rose.DuBuque3,Alverta61@gmail.com,FM798_SZqx9_VTz,FALSE,Dewayne Borer,2018-02-12T20:12:51.514Z
600bff21-7b40-4ff1-9198-7a4153617033,Harrison40,Anika.Franecki@hotmail.com,GjHLs11ap6qxGqL,FALSE,Adrien Willms,2018-02-12T20:12:51.514Z
f7a9b556-4263-4e95-b314-6389cb5b8629,Nettie88,Aurore.Smitham71@gmail.com,Yv85Ty6KcvrIG6N,FALSE,Laury Kshlerin,2018-02-12T20:12:51.515Z
183c629e-4bcf-41da-930b-7dfd311cdd9f,Marcos_Daniel,Fritz_Treutel97@yahoo.com,7BxTqB5G_u3DE6m,FALSE,Jazlyn Mraz,2018-02-12T20:12:51.515Z
bbb6f60d-a5d9-4891-b033-d34a88d8cb33,Kailey.Fadel,Krystina_MacGyver16@gmail.com,2adOeZpuXGr0W29,FALSE,Davion Hettinger,2018-02-12T20:12:51.515Z
ca852743-f6a1-49a9-9024-ccd278a0bb05,Ray.Welch96,Maryjane_Kub@gmail.com,nFSdCih2LUiUBfx,FALSE,Henderson Gulgowski,2018-02-12T20:12:51.515Z
201f52a0-b5c5-4f47-a553-b4a789f2057a,Daryl.Schumm,Lorenz_Lebsack@gmail.com,WUTHcogQAqDUIkK,FALSE,Salvador Hudson,2018-02-12T20:12:51.515Z
9cefa6ed-e361-41b4-b87f-d8d7bf63a2f9,Jo_Reynolds,Nestor95@hotmail.com,2UvdJhDB3BxBVIO,FALSE,Abbie Bauch,2018-02-12T20:12:51.515Z
9b84c7f3-ef89-424b-8184-64d482e53e0d,Winnifred82,Althea44@hotmail.com,SZC3p32MvQel_uS,FALSE,Israel Hackett,2018-02-12T20:12:51.515Z
96351812-2b34-4776-996b-b9764ccc4eaf,Diego59,Mac_Reinger33@gmail.com,JpJIXJWeIzvDTHQ,FALSE,Katharina Kuhic,2018-02-12T20:12:51.515Z
276392ce-9e89-40b7-9336-e7c8fe245092,Immanuel18,Henri10@yahoo.com,fNwKF2KFAuXGJNr,FALSE,Rosalind Erdman,2018-02-12T20:12:51.515Z
c1f7689b-bb89-4e94-a359-348684f066b3,Carley.Strosin,Cassie58@yahoo.com,lY6YFLZCMw34f09,FALSE,Ella Klein,2018-02-12T20:12:51.516Z
111aa859-ec4f-43fc-8572-4ef2ead63022,Rick_Lesch,Gilda.Turcotte@hotmail.com,ifHGJWuhikjKr5F,FALSE,Trever Powlowski,2018-02-12T20:12:51.516Z
6b68f85f-832e-421d-bc4d-976b46fbdfbd,Phoebe36,Ezra_Rau@gmail.com,OX6gO5zaTv_0YIC,FALSE,Camryn Kemmer,2018-02-12T20:12:51.516Z
df24372b-5f83-4c3c-a300-8d3f4824fc4f,Jan_Wisozk68,Torey_Reichel33@hotmail.com,YlMShzC79TrV_cn,FALSE,Reinhold Corwin,2018-02-12T20:12:51.516Z
c91a1d68-ddaa-4a67-8eda-918af9fd9746,Ben56,Daphney67@yahoo.com,QrrSbjOA5eRvkO3,FALSE,D'angelo Smitham,2018-02-12T20:12:51.516Z
c76d9a5e-6f37-419a-9975-2a66c50d1952,Adolfo.Bailey22,Keyshawn_Oberbrunner@yahoo.com,_zdUNvnjq1q3CxP,FALSE,Mina Dach,2018-02-12T20:12:51.516Z
5101a2aa-5616-4357-8057-9487202d2edb,Francisco_Grady,Celia69@hotmail.com,THHNxzSpa3dj2_G,FALSE,Dominique Langosh,2018-02-12T20:12:51.516Z
c1b4d230-97ef-4632-8a87-b7a7aa0dbe68,Marcus30,Dorothea_Grimes@yahoo.com,F_Ymcy121A_aEqH,FALSE,Granville Casper,2018-02-12T20:12:51.516Z
f0f7a503-e904-4d27-b1ce-225a3d21aa71,Crawford_Herman71,Winona49@yahoo.com,h_SdZkYX5CB8OzN,FALSE,Lew Romaguera,2018-02-12T20:12:51.517Z
92cbdbbc-b0fb-404a-bdb6-1d42f120c112,Maverick.Treutel67,Nelson_Bechtelar@yahoo.com,H8i96J2QMwCeRIf,FALSE,Name Hansen,2018-02-12T20:12:51.517Z
30e30afe-b9c2-4975-9d5a-0244b5bda425,Elna7,Bulah.Walter@yahoo.com,btiWXHNwJEVjGNA,FALSE,Cleora Rolfson,2018-02-12T20:12:51.517Z
5409fd50-9abc-4024-b57e-677d7d91442a,Sophia.Kuhic57,Jeffery92@yahoo.com,Hy3T194S2qpKjzX,FALSE,Asha Zboncak,2018-02-12T20:12:51.517Z
f71f8dc5-0a57-44d3-926a-6e584b327b03,Leatha78,Eldora82@gmail.com,JEYO5ymOkS2dfOi,FALSE,Hilario Lebsack,2018-02-12T20:12:51.517Z
80d9fdf1-3c50-4c95-b55c-4f5b49f5b8ed,Marielle.Nader,Llewellyn_Kemmer37@hotmail.com,pzriRQ3tFbndB8R,FALSE,Delta Conn,2018-02-12T20:12:51.517Z
9599beea-3d93-4b79-9d9f-2e96f4694ee5,Breanna.Larson,Brody.DuBuque22@hotmail.com,bOMOD1HosSZwD74,FALSE,Zachariah Witting,2018-02-12T20:12:51.517Z
eb91b8bb-7d0e-47fd-9a6f-7e2b4c7baabd,Darien81,Rosie_Mueller@gmail.com,U_H6vG3oxgNe4WC,FALSE,Carey Reilly,2018-02-12T20:12:51.517Z
aa8de10d-7da7-4752-8ed6-d454c0ae79d9,Dorcas_Nitzsche47,Renee.Dooley@gmail.com,FcMZUbKGRqw0TKn,FALSE,Humberto Murray,2018-02-12T20:12:51.517Z
7b2b78e1-2fef-4e18-83f9-f37ba9edbf07,Nadia_Weber94,Florian_Willms93@yahoo.com,RxVE3pHbwxWHNRA,FALSE,Victoria Buckridge,2018-02-12T20:12:51.517Z
99657a40-7929-4090-a3b6-b8b69e9b5539,Arch78,Kennith19@gmail.com,TI9xj9pGfYNdcuL,FALSE,Destini Barton,2018-02-12T20:12:51.517Z
ed66008f-4e88-4039-a154-e997b20c987b,Jaclyn.Rosenbaum16,Doug_Franecki@yahoo.com,Y3T3GDMvDL1THMD,FALSE,Karlee Reichert,2018-02-12T20:12:51.517Z
64b07d3c-3b5e-4338-ae0f-db7f1c43d216,Raphaelle_Kerluke82,Iva.Sporer@hotmail.com,F1PMIOcR3oHEbAU,FALSE,Edwardo Murphy,2018-02-12T20:12:51.517Z
25326676-5df5-4519-8a2d-e98e48d01a1e,Polly_Hills98,Lester61@hotmail.com,5f1fBPNqQT81c4b,FALSE,Cleveland Tremblay,2018-02-12T20:12:51.517Z
ac6ec331-127f-4b8a-af22-1a8ec93140f7,Erick62,Toni22@hotmail.com,y0QzIA97V15edYS,FALSE,Lucio Trantow,2018-02-12T20:12:51.517Z
ae8acc74-1b6c-4333-8d55-48e5a4d1e1ba,Pierre43,Lenora.Shields@yahoo.com,PcEsykwCwl8UkX1,FALSE,Francesca Wintheiser,2018-02-12T20:12:51.517Z
81747ace-522d-4a72-9950-5deb8c07849d,Queen4,Quinton_Howell41@hotmail.com,uc679QUEVrOdxgb,FALSE,Terrell Rau,2018-02-12T20:12:51.518Z
61031ad4-e7c8-4d5e-9887-800def634596,Hank_Morar67,Jayne39@yahoo.com,Qtyg_ucJEv_ZyjY,FALSE,Damien Schmitt,2018-02-12T20:12:51.518Z
90163288-8e91-41b7-a474-5595002f091a,Raquel_Strosin,Zechariah63@gmail.com,NBaCnhSGZXEBV0f,FALSE,Dolores Pouros,2018-02-12T20:12:51.518Z
f2617c8d-716f-433c-9f8f-45cd3398d334,Hattie.Sanford48,Tia36@hotmail.com,ezuvigL5OM7Ltw_,FALSE,Ressie Dooley,2018-02-12T20:12:51.518Z
3ef38bf8-4398-4e01-ab0f-0fb222fce5f5,Dedric.Conn,Ike.Mraz93@hotmail.com,kL8sicoee6vhoZf,FALSE,Sedrick Mohr,2018-02-12T20:12:51.518Z
7072cd37-d45c-49d3-b230-6f83282e4ace,Bert.Johnson4,Elva_Rohan1@gmail.com,gGH1YYwud5koCUx,FALSE,Marques Corwin,2018-02-12T20:12:51.518Z
ba5c423f-e02a-4d91-8a98-3fc126154714,Hilbert_Torp,Guadalupe.Hyatt81@hotmail.com,5C3MIN7H9sNpR39,FALSE,Carey Goodwin,2018-02-12T20:12:51.518Z
5b95182e-29e8-4ca1-93fd-f11099ee5aca,Arnoldo.Jones2,Vicenta_Lueilwitz45@yahoo.com,llDfHpayMl829dd,FALSE,Alexis Dare,2018-02-12T20:12:51.519Z
e8c1d1d0-883f-4f9f-ab46-3ca0b1a9f196,Angelica_Wunsch,Lavina_Grimes@hotmail.com,eyR5BsoVkSuVVx0,FALSE,Favian Paucek,2018-02-12T20:12:51.519Z
2bc75349-0bf1-455e-8d79-316cb7a1e0f9,Delphine_Rice91,Alfreda.Buckridge@gmail.com,Uvk_s9Crz6KgIGu,FALSE,Ephraim Reilly,2018-02-12T20:12:51.519Z
b8b5022d-111e-47e7-a2ea-eac607c8728b,Shanelle76,Dejuan35@gmail.com,E37UTOUdrPLwaVM,FALSE,Jaiden Ritchie,2018-02-12T20:12:51.519Z
efe27817-d1bb-4146-8110-dc124a900913,Donnie.Ryan,Rudy49@gmail.com,nCtISLh_gl_gWdm,FALSE,Marge King,2018-02-12T20:12:51.519Z
7df046df-3855-4dd6-b499-a571ebd7eb48,Margot.Stehr,Chadd_Boyer@yahoo.com,i7xjzKwGPJldzlL,FALSE,Magali Rempel,2018-02-12T20:12:51.519Z
11d685c1-8049-4cff-bf33-795a8c2dc0c5,Clyde.Franecki78,Paolo.Lebsack@yahoo.com,LBAggUzggIzp4rJ,FALSE,Lilyan Pfeffer,2018-02-12T20:12:51.519Z
3b6f3c07-e079-4a66-819a-428b00d1c72d,Beulah_Vandervort67,Sylvan.Beatty22@gmail.com,49DhaSBnzrnr56Y,FALSE,Erik Grant,2018-02-12T20:12:51.519Z
4820bf09-5422-4695-83b4-0e31dc60e458,Otho20,Zoie_Wisozk47@yahoo.com,rZcwt5FL3SXWiXw,FALSE,Jaylan Hilll,2018-02-12T20:12:51.519Z
79512c81-d7ec-4d0d-afcb-39cdbd2ee6d6,Monique31,Theresia_Huels@yahoo.com,VjQotfy2tSQW3le,FALSE,Lue Nikolaus,2018-02-12T20:12:51.519Z
6ffdd8e8-316a-4501-b82e-5083afd8d098,Arno.Hills68,Matteo.Mills@hotmail.com,zxrzeHMlv_iB13v,FALSE,Alana Lehner,2018-02-12T20:12:51.519Z
a500db35-58fc-4f1f-98c0-6a1e70fe028f,Harmony.Frami,Reta.Volkman58@hotmail.com,WO1bcn8ga4oxwVZ,FALSE,Penelope Osinski,2018-02-12T20:12:51.519Z
d82249e1-e801-4c4b-a824-e57a61b08492,Cordelia55,Tyrell_Considine@yahoo.com,ZSnFabYpPzChdVa,FALSE,Alisa Connelly,2018-02-12T20:12:51.520Z
55b3028c-389f-4e96-8610-5f349b64373d,Claudia.Runte,Oliver1@hotmail.com,e12XnvkUYPanswQ,FALSE,Cordia Kovacek,2018-02-12T20:12:51.520Z
bcd68563-959f-4a04-a63f-1ba6b87b89a9,Isabell_Towne,Christophe_Labadie@yahoo.com,f79bq7vxBTCXpP8,FALSE,Miles Deckow,2018-02-12T20:12:51.520Z
4629094d-250b-450d-9c0c-fe3e7f0b2e49,Al_VonRueden,Janelle61@yahoo.com,RO7AG1l40E3VzM2,FALSE,Marielle Hickle,2018-02-12T20:12:51.520Z
b9920e66-50ef-4c52-bd18-5a56692362bd,Desmond_Ward56,Esperanza20@gmail.com,zadfwNUdaC6Eo2i,FALSE,Kaitlyn Leuschke,2018-02-12T20:12:51.520Z